Number of Genres,Average Movie Rating
0,3.0486133309876395
1,3.109228129831288
2,3.0435006949796035
3,3.0369846014602757
4,3.063880776957922
5,3.101604002784313
6,3.0723138071769207
7,3.158066830219891
8,3.2287878787878785
10,2.9785202863961815
